{"HD_ACC": 0.6973684210526315, "BC_ACC": 0.951048951048951}